<?xml version="1.0"?>
<lsf>
  <initials>
    <reference length="2"/>
    <!-- axis length; "0" means no axis displayed -->
    <root id="rootNode"/>
    <!-- identifier of root node of the scene graph; this node -->
    <!-- must be defined in one of the following NODE declarations -->
  </initials>
  <views default="camera0">
    <!-- at least one of the following type of cameras must be declared -->
    <perspective id="camera0" near="0.1" far="500" angle="1">
      <from x="10" y="15" z="10"/>
      <to x="0" y="0" z="0"/>
    </perspective>
    <perspective id="camera2" near="0.1" far="500" angle="1">
      <from x="10" y="25" z="10"/>
      <to x="0" y="0" z="0"/>
    </perspective>
    <perspective id="camera1" near="0.1" far="500" angle="1">
      <from x="20" y="25" z="20"/>
      <to x="0" y="0" z="0"/>
    </perspective>
    <ortho id="orthogonal" near="0.2" far="100" left="-10.2" right="10.2" top="-10.2" bottom="10.2">
      <from x="20" y="2" z="0"/>
      <to x="0" y="0" z="0"/>
      <up x="0" y="1" z="0"/>
      <!-- optional, default 0,1,0 -->
    </ortho>
  </views>
  <illumination>
    <ambient r="1.0" g="1.0" b="1.0" a="1.0"/>
    <!-- global ambient -->
    <background r="1.0" g="1.0" b="1.0" a="1.0"/>
    <!-- background color -->
  </illumination>
  <lights>
    <!-- NOTE: this block "light" must be repeated as necessary with different "id". At least one light should be present, and a maximum of eight lights is accepted. -->
    <light id="light_1">
      <!-- light identifier -->
      <enable value="1"/>
      <!-- enable/disable -->
      <position x="0" y="12" z="0.0" w="1.0"/>
      <!-- light position; w=1: point light; w=0: directional light -->
      <ambient r="0.5" g="0.5" b="0.5" a="1.0"/>
      <!-- ambient component -->
      <diffuse r="1.0" g="1.0" b="1.0" a="1.0"/>
      <!-- diffuse component -->
      <specular r="1.0" g="1.0" b="1.0" a="1.0"/>
      <!-- specular component -->
    </light>
    <light id="red">
      <!-- light identifier -->
      <enable value="0"/>
      <!-- enable/disable -->
      <position x="10" y="12" z="4.5" w="1.0"/>
      <!-- light position; w=1: point light; w=0: directional light -->
      <ambient r="1" g="0" b="0" a="1.0"/>
      <!-- ambient component -->
      <diffuse r="1.0" g="0.0" b="0.0" a="1.0"/>
      <!-- diffuse component -->
      <specular r="1.0" g="1.0" b="1.0" a="1.0"/>
      <!-- specular component -->
    </light>
    <light id="blue">
      <!-- light identifier -->
      <enable value="0"/>
      <!-- enable/disable -->
      <position x="10" y="12" z="5.5" w="1.0"/>
      <!-- light position; w=1: point light; w=0: directional light -->
      <ambient r="0" g="0" b="1" a="1.0"/>
      <!-- ambient component -->
      <diffuse r="0.0" g="0.0" b="1.0" a="1.0"/>
      <!-- diffuse component -->
      <specular r="1.0" g="1.0" b="1.0" a="1.0"/>
      <!-- specular component -->
    </light>
    <light id="green">
      <!-- light identifier -->
      <enable value="0"/>
      <!-- enable/disable -->
      <position x="10" y="12" z="5.5" w="1.0"/>
      <!-- light position; w=1: point light; w=0: directional light -->
      <ambient r="0" g="1" b="0" a="1.0"/>
      <!-- ambient component -->
      <diffuse r="0.0" g="1.0" b="0.0" a="1.0"/>
      <!-- diffuse component -->
      <specular r="1.0" g="1.0" b="1.0" a="1.0"/>
      <!-- specular component -->
    </light>
  </lights>
  <textures>
    <!-- NOTE: this block "TEXTURE" must be repeated as necessary with different "id" -->
    <texture id="woodText" path="./scenes/images/woodRev.jpg"/>     <!--vertical wood texture-->
    <texture id="woodText2" path="./scenes/images/wood.jpg"/>       <!--horizontal wood texture-->
    <texture id="whiteFlag" path="./scenes/images/whiteFlag.jpg"/>  
    <texture id="plainWoodText" path="./scenes/images/plainWood.jpg"/>
    <texture id="plainWoodText2" path="./scenes/images/plainWood2.jpg"/>
    <texture id="pirateFlag" path="./scenes/images/pirateFlag.jpg"/>
    <texture id="castIron" path="./scenes/images/castIron.jpg"/>
    <texture id="bottomSkyBox" path="./scenes/images/sea.jpg"/>
    <texture id="leftSkyBox" path="./scenes/images/left.png"/>
    <texture id="centerSkyBox" path="./scenes/images/center.png"/>
    <texture id="rightSkyBox" path="./scenes/images/right.png"/>
    <texture id="topSkyBox" path="./scenes/images/top.png"/>
    <texture id="frontSkyBox" path="./scenes/images/front.png"/>
    <texture id="backWindow" path="./scenes/images/backWindow.jpg"/>
    <texture id="sideWindow" path="./scenes/images/sideWindow.jpg"/>
  </textures>
  <materials>
    <!-- NOTE: the "MATERIAL" block may be repeated as required. Each defined material
         requires a distinct "id". At least one material should be present. -->
    <material id="defaultMaterial">
      <shininess value="10"/>
      <ambient r="0.5" g="0.5" b="0.5" a="1.0"/>
      <diffuse r="0.5" g="0.5" b="0.5" a="1.0"/>
      <specular r="0.1" g="0.1" b="0.1" a="1.0"/>
      <emissive r="0.1" g="0.1" b="0.1" a="1.0"/>
    </material>
    <material id="flagMaterial">
      <shininess value="10"/>
      <ambient r="0.4" g="0.4" b="0.3" a="1.0"/>
      <diffuse r="0.5" g="0.5" b="0.5" a="1.0"/>
      <specular r="0.1" g="0.1" b="0.1" a="1.0"/>
      <emissive r="0.3" g="0.3" b="0.3" a="1.0"/>
    </material>
    <material id="woodMaterial">
      <shininess value="10"/>
      <ambient r="0.3" g="0.3" b="0.3" a="1.0"/>
      <diffuse r="0.5" g="0.5" b="0.5" a="1.0"/>
      <specular r="0.1" g="0.1" b="0.1" a="1.0"/>
      <emissive r="0.1" g="0.1" b="0.1" a="1.0"/>
    </material>
    <material id="shinyWoodMaterial">
      <shininess value="10"/>
      <ambient r="0.35" g="0.35" b="0.35" a="1.0"/>
      <diffuse r="0.4" g="0.4" b="0.4" a="1.0"/>
      <specular r="0.5" g="0.5" b="0.5" a="1.0"/>
      <emissive r="0" g="0" b="0" a="1.0"/>
    </material>
    <material id="metalMaterial">
      <shininess value="20"/>
      <ambient r="0.1" g="0.1" b="0.1" a="1.0"/>
      <diffuse r="0.3" g="0.3" b="0.3" a="1.0"/>
      <specular r="0.7" g="0.7" b="0.7" a="1.0"/>
      <emissive r="0.2" g="0.2" b="0.2" a="1.0"/>
    </material>
    <material id="seaMaterial">
      <shininess value="10"/>
      <ambient r="0.3" g="0.3" b="0.5" a="1.0"/>
      <diffuse r="0.3" g="0.3" b="0.3" a="1.0"/>
      <specular r="0.7" g="0.7" b="0.7" a="1.0"/>
      <emissive r="0.2" g="0.2" b="0.3" a="1.0"/>
    </material>
  </materials>
  <nodes>
    <node id="rootNode">
      <material id="defaultMaterial"/>
      <texture id="woodText2">
        <amplification afs="1.0" aft="1.0"/>
      </texture>
      <descendants>
        <noderef id="ship"/>
        <noderef id="skyBox"/>
      </descendants>
    </node>
    <!--//////////////////////// MAIN OBJECTS ////////////////////////////-->
    <!-- SHIP /////////////////-->
    <node id="ship">
      <material id="woodMaterial"/>
      <texture id="woodText2">
        <amplification afs="1.0" aft="1.0"/>
      </texture>
      <transformations>
        <translation x="0" y="1.2" z="0"/>
      </transformations>
      <descendants>
        <noderef id="hull"/>
        <noderef id="wheel"/>
        <noderef id="stairs"/>
        <noderef id="cabin"/>
        <noderef id="mainMast"/>
        <noderef id="frontMast"/>
        <noderef id="backMast"/>
        <noderef id="cannons"/>
        <noderef id="ammoRacks"/>
        <noderef id="board"/>
      </descendants>
    </node>
    <!-- SKYBOX /////////////////-->
    <node id="skyBox">
      <material id="null"/>
      <texture id="null"/>
      <transformations>
        <scale sx="2" sy="2" sz="2"/>
      </transformations>
      <descendants>
        <noderef id="bottom"/>
        <noderef id="left"/>
        <noderef id="center"/>
        <noderef id="right"/>
        <noderef id="top"/>
        <noderef id="front"/>
      </descendants>
    </node>
    <!--////////////////////////////////// PRIMITIVES //////////////////////////////////// -->
    <!--CUBE ////////////////-->
    <node id="cube">
      <material id="null"/>
      <texture id="null"/>
      <descendants>
        <noderef id="faceCima"/>
        <noderef id="faceBaixo"/>
        <noderef id="faceLado1"/>
        <noderef id="faceLado2"/>
        <noderef id="faceLado3"/>
        <noderef id="faceLado4"/>
      </descendants>
    </node>
    <node id="faceLado1">
      <material id="null"/>
      <texture id="null"/>
      <transformations>
        <translation x="0.0" y="0.0" z="0.5"/>
      </transformations>
      <descendants>
        <leaf type="rectangle" x1="-0.5" y1="-0.5" x2="0.5" y2="0.5"/>
      </descendants>
    </node>
    <node id="faceLado3">
      <material id="null"/>
      <texture id="null"/>
      <transformations>
        <translation x="0.0" y="0.0" z="-0.5"/>
        <rotation axis="x" angle="180"/>
      </transformations>
      <descendants>
        <leaf type="rectangle" x1="-0.5" y1="-0.5" x2="0.5" y2="0.5"/>
      </descendants>
    </node>
    <node id="faceLado2">
      <material id="null"/>
      <texture id="null"/>
      <transformations>
        <translation x="0.5" y="0.0" z="0.0"/>
        <rotation axis="y" angle="90"/>
      </transformations>
      <descendants>
        <leaf type="rectangle" x1="-0.5" y1="-0.5" x2="0.5" y2="0.5"/>
      </descendants>
    </node>
    <node id="faceLado4">
      <material id="null"/>
      <texture id="null"/>
      <transformations>
        <translation x="-0.5" y="0.0" z="0.0"/>
        <rotation axis="y" angle="270"/>
      </transformations>
      <descendants>
        <leaf type="rectangle" x1="-0.5" y1="-0.5" x2="0.5" y2="0.5"/>
      </descendants>
    </node>
    <node id="faceCima">
      <material id="null"/>
      <texture id="null"/>
      <transformations>
        <translation x="0.0" y="0.5" z="0.0"/>
        <rotation axis="x" angle="-90"/>
      </transformations>
      <descendants>
        <leaf type="rectangle" x1="-0.5" y1="-0.5" x2="0.5" y2="0.5"/>
      </descendants>
    </node>
    <node id="faceBaixo">
      <material id="null"/>
      <texture id="null"/>
      <transformations>
        <translation x="0.0" y="-0.5" z="0.0"/>
        <rotation axis="x" angle="90"/>
      </transformations>
      <descendants>
        <leaf type="rectangle" x1="-0.5" y1="-0.5" x2="0.5" y2="0.5"/>
      </descendants>
    </node>
    <!--TRIANGULAR PRISM ////////////////-->
    <node id="triangularPrism">
      <material id="null"/>
      <texture id="null"/>
      <transformations/>
      <descendants>
        <noderef id="triangularPrismTop"/>
        <noderef id="triangularPrismBottom"/>
        <noderef id="triangularPrismFace1"/>
        <noderef id="triangularPrismFace2"/>
        <noderef id="triangularPrismFace3"/>
      </descendants>
    </node>
    <node id="triangularPrismTop">
      <material id="null"/>
      <texture id="null">
        <amplification afs="1.8" aft="1.8"/>
      </texture>
      <transformations>
        <translation x="0.0" y="0.0" z="1.0"/>
      </transformations>
      <descendants>
        <leaf type="triangle" x1="1.0" y1="0.0" x2="-0.5" y2="0.866" x3="-0.5" y3="-0.866"/>
      </descendants>
    </node>
    <node id="triangularPrismBottom">
      <material id="null"/>
      <texture id="null"/>
      <transformations>
        <rotation axis="x" angle="180"/>
      </transformations>
      <descendants>
        <leaf type="triangle" x1="1.0" y1="0.0" x2="-0.5" y2="0.866" x3="-0.5" y3="-0.866"/>
      </descendants>
    </node>
    <node id="triangularPrismFace1">
      <material id="null"/>
      <texture id="null">
      </texture>
      <transformations>
        <translation x="-0.5" y="0.866" z="1.0"/>
        <rotation axis="z" angle="-30"/>
        <rotation axis="x" angle="-90"/>
      </transformations>
      <descendants>
        <leaf type="rectangle" x1="0.0" y1="0.0" x2="1.732" y2="1.0"/>
      </descendants>
    </node>
    <node id="triangularPrismFace2">
      <material id="null"/>
      <texture id="null"/>
      <transformations>
        <rotation axis="z" angle="120"/>
      </transformations>
      <descendants>
        <noderef id="triangularPrismFace1"/>
      </descendants>
    </node>
    <node id="triangularPrismFace3">
      <material id="null"/>
      <texture id="null">
      </texture>
      <transformations>
        <rotation axis="z" angle="120"/>
      </transformations>
      <descendants>
        <noderef id="triangularPrismFace2"/>
      </descendants>
    </node>
    <!-- PLANE ////////////////-->
    <node id="plane">
      <material id="null"/>
      <texture id="null"/>
      <transformations>
      </transformations>
      <descendants>
        <noderef id="planeFront"/>
        <noderef id="planeBack"/>
      </descendants>
    </node>
    <node id="planeFront">
      <material id="null"/>
      <texture id="null"/>
      <transformations>
      </transformations>
      <descendants>
        <leaf type="rectangle" x1="-0.5" y1="-0.5" x2="0.5" y2="0.5"/>
      </descendants>
    </node>
    <node id="planeBack">
      <material id="null"/>
      <texture id="null"/>
      <transformations>
        <rotation axis="y" angle="180"/>
      </transformations>
      <descendants>
        <leaf type="rectangle" x1="-0.5" y1="-0.5" x2="0.5" y2="0.5"/>
      </descendants>
    </node>
    <!--////////////////////////////// ELEMENT DECLARATION ///////////////////////////////////-->
    <!--HULL ///////////////////-->
    <node id="hull">
      <material id="null"/>
      <texture id="null"/>
      <descendants>
        <noderef id="lowerHull"/>
        <noderef id="frontHull"/>
        <noderef id="centerHull"/>
        <noderef id="hullBeak"/>
      </descendants>
    </node>
    <node id="frontHull">
      <material id="null"/>
      <texture id="null"/>
      <transformations>
        <translation x="0.0" y="-0.5" z="4.12"/>
        <rotation axis="x" angle="-90"/>
        <rotation axis="z" angle="-90"/>
        <scale sx="1.25" sy="2.03" sz="1.0"/>
      </transformations>
      <descendants>
        <noderef id="triangularPrism"/>
      </descendants>
    </node>
    <node id="centerHull">
      <material id="null"/>
      <texture id="null"/>
      <transformations>
        <scale sx="3.5" sy="1.0" sz="7.0"/>
      </transformations>
      <descendants>
        <noderef id="centerHullElements"/>
      </descendants>
    </node>
    <node id="lowerHull">
      <material id="null"/>
      <texture id="woodText"/>
      <transformations>
        <translation x="0.0" y="-1.0" z="-3.5"/>
        <rotation axis="z" angle="-90"/>
        <scale sx="1.0" sy="2.00" sz="7.0"/>
      </transformations>
      <descendants>
        <noderef id="triangularPrism"/>
      </descendants>
    </node>
    <node id="hullBeak">
      <material id="null"/>
      <texture id="null"/>
      <transformations>
        <translation x="0" y="-0.5" z="5.37"/>
        <scale sx="3.16" sy="1.716" sz="1.97"/>
      </transformations>
      <descendants>
        <noderef id="hullBeakRight"/>
        <noderef id="hullBeakLeft"/>
      </descendants>
    </node>
    <node id="hullBeakRight">
      <material id="null"/>
      <texture id="null"/>
      <transformations>
        <rotation axis="y" angle="60.1"/>
        <rotation axis="x" angle="28.51"/>
      </transformations>
      <descendants>
        <leaf type="triangle" x1="1.1" y1="0" x2="0" y2="0" x3="0.83" y3="-1"/>
      </descendants>
    </node>
    <node id="hullBeakLeft">
      <material id="null"/>
      <texture id="null"/>
      <transformations>
        <rotation axis="y" angle="-60.1"/>
        <rotation axis="x" angle="28.51"/>
      </transformations>
      <descendants>
        <leaf type="triangle" x1="0" y1="0" x2="-1.1" y2="0" x3="-0.83" y3="-1"/>
      </descendants>
    </node>
    <!-- CENTER HULL PARTS ///////////////-->
    <!--cube representation for center hull-->
    <node id="centerHullElements">
      <material id="null"/>
      <texture id="woodText"/>
      <descendants>
        <noderef id="hullTop"/>
        <noderef id="hullBottom"/>
        <noderef id="hullSide1"/>
        <noderef id="hullSide2"/>
        <noderef id="hullSide3"/>
        <noderef id="hullSide4"/>
      </descendants>
    </node>
    <node id="hullSide1">
      <!-- front-->
      <material id="null"/>
      <texture id="null"/>
      <transformations>
        <translation x="0.0" y="0.0" z="0.5"/>
      </transformations>
      <descendants>
        <leaf type="rectangle" x1="-0.5" y1="-0.5" x2="0.5" y2="0.5"/>
      </descendants>
    </node>
    <node id="hullSide3">
      <!-- back -->
      <material id="null"/>
      <texture id="woodText2">
        <amplification afs="0.5" aft="1"/>
      </texture>
      <transformations>
        <translation x="0.0" y="0.0" z="-0.5"/>
        <rotation axis="x" angle="180"/>
      </transformations>
      <descendants>
        <leaf type="rectangle" x1="-0.5" y1="-0.5" x2="0.5" y2="0.5"/>
      </descendants>
    </node>
    <node id="hullSide2">
      <!--right  -->
      <material id="null"/>
      <texture id="woodText2">
        <amplification afs="0.2" aft="1.0"/>
      </texture>
      <transformations>
        <translation x="0.5" y="0.0" z="0.0"/>
        <rotation axis="y" angle="90"/>
      </transformations>
      <descendants>
        <leaf type="rectangle" x1="-0.5" y1="-0.5" x2="0.5" y2="0.5"/>
      </descendants>
    </node>
    <node id="hullSide4">
      <!-- left  -->
      <material id="null"/>
      <texture id="woodText2">
        <amplification afs="0.20" aft="1.0"/>
      </texture>
      <transformations>
        <translation x="-0.5" y="0.0" z="0.0"/>
        <rotation axis="y" angle="270"/>
      </transformations>
      <descendants>
        <leaf type="rectangle" x1="-0.5" y1="-0.5" x2="0.5" y2="0.5"/>
      </descendants>
    </node>
    <node id="hullTop">
      <material id="null"/>
      <texture id="woodText2">
        <amplification afs="0.5" aft="0.5"/>
      </texture>
      <transformations>
        <translation x="0.0" y="0.5" z="0.0"/>
        <rotation axis="x" angle="-90"/>
      </transformations>
      <descendants>
        <leaf type="rectangle" x1="-0.5" y1="-0.5" x2="0.5" y2="0.5"/>
      </descendants>
    </node>
    <node id="hullBottom">
      <material id="null"/>
      <texture id="null"/>
      <transformations>
        <translation x="0.0" y="-0.5" z="0.0"/>
        <rotation axis="x" angle="90"/>
      </transformations>
      <descendants>
        <leaf type="rectangle" x1="-0.5" y1="-0.5" x2="0.5" y2="0.5"/>
      </descendants>
    </node>
    <!-- CABIN /////////////////-->
    <node id="cabin">
      <material id="null"/>
      <texture id="null"/>
      <descendants>
        <noderef id="cabinElements"/>
        <noderef id="cabinRail"/>
      </descendants>
    </node>
    <!-- CABIN PARTS //////////////////-->
    <node id="cabinElements">
      <material id="null"/>
      <texture id="woodText"/>
      <transformations>
        <translation x="0.0" y="1.0" z="-3.5"/>
        <scale sx="3.5" sy="1.0" sz="2.0"/>
      </transformations>
      <descendants>
        <noderef id="cabinTop"/>
        <noderef id="cabinBottom"/>
        <noderef id="side1"/>
        <noderef id="side2"/>
        <noderef id="side3"/>
        <noderef id="side4"/>
      </descendants>
    </node>
    <node id="side1">
      <!-- front of cabin -->
      <material id="null"/>
      <texture id="woodText2"/>
      <transformations>
        <translation x="0.0" y="0.0" z="0.5"/>
      </transformations>
      <descendants>
        <leaf type="rectangle" x1="-0.5" y1="-0.5" x2="0.5" y2="0.5"/>
      </descendants>
    </node>
    <node id="side3">
      <!-- back of cabin -->
      <material id="null"/>
      <texture id="backWindow">
        <amplification afs="0.5" aft="1"/>
      </texture>
      <transformations>
        <translation x="0.0" y="0.0" z="-0.5"/>
        <rotation axis="x" angle="180"/>
      </transformations>
      <descendants>
        <leaf type="rectangle" x1="-0.5" y1="-0.5" x2="0.5" y2="0.5"/>
      </descendants>
    </node>
    <node id="side2">
      <!--right side of cabin -->
      <material id="null"/>
      <texture id="sideWindow"/>
      <transformations>
        <translation x="0.5" y="0.0" z="0.0"/>
        <rotation axis="y" angle="90"/>
      </transformations>
      <descendants>
        <leaf type="rectangle" x1="-0.5" y1="-0.5" x2="0.5" y2="0.5"/>
      </descendants>
    </node>
    <node id="side4">
      <!-- left side of cabin -->
      <material id="null"/>
      <texture id="sideWindow"/>
      <transformations>
        <translation x="-0.5" y="0.0" z="0.0"/>
        <rotation axis="y" angle="270"/>
      </transformations>
      <descendants>
        <leaf type="rectangle" x1="-0.5" y1="-0.5" x2="0.5" y2="0.5"/>
      </descendants>
    </node>
    <node id="cabinTop">
      <material id="null"/>
      <texture id="woodText2">
        <amplification afs="0.25" aft="0.5"/>
      </texture>
      <transformations>
        <translation x="0.0" y="0.5" z="0.0"/>
        <rotation axis="x" angle="-90"/>
      </transformations>
      <descendants>
        <leaf type="rectangle" x1="-0.5" y1="-0.5" x2="0.5" y2="0.5"/>
      </descendants>
    </node>
    <node id="cabinBottom">
      <material id="null"/>
      <texture id="null"/>
      <transformations>
        <translation x="0.0" y="-0.5" z="0.0"/>
        <rotation axis="x" angle="90"/>
      </transformations>
      <descendants>
        <leaf type="rectangle" x1="-0.5" y1="-0.5" x2="0.5" y2="0.5"/>
      </descendants>
    </node>
    <!-- CABIN RAILS //////////////////////////-->
    <node id="cabinRail">
      <material id="null"/>
      <texture id="plainWoodText"/>
      <descendants>
        <noderef id="railRightCorner"/>
        <noderef id="rail1"/>
        <noderef id="rail2"/>
        <noderef id="rail3"/>
        <noderef id="rail4"/>
        <noderef id="rail5"/>
        <noderef id="rail6"/>
        <noderef id="railRight1"/>
        <noderef id="railRight2"/>
        <noderef id="railLeft1"/>
        <noderef id="railLeft2"/>
      </descendants>
    </node>
    <node id="rail1">
      <material id="null"/>
      <texture id="null"/>
      <transformations>
        <translation x="1.2" y="1.7" z="-4.3"/>
      </transformations>
      <descendants>
        <noderef id="rail"/>
      </descendants>
    </node>
    <node id="rail2">
      <material id="null"/>
      <texture id="null"/>
      <transformations>
        <translation x="0.7" y="1.7" z="-4.3"/>
      </transformations>
      <descendants>
        <noderef id="rail"/>
      </descendants>
    </node>
    <node id="rail3">
      <material id="null"/>
      <texture id="null"/>
      <transformations>
        <translation x="0.2" y="1.7" z="-4.3"/>
      </transformations>
      <descendants>
        <noderef id="rail"/>
      </descendants>
    </node>
    <node id="rail4">
      <material id="null"/>
      <texture id="null"/>
      <transformations>
        <translation x="-0.3" y="1.7" z="-4.3"/>
      </transformations>
      <descendants>
        <noderef id="rail"/>
      </descendants>
    </node>
    <node id="rail5">
      <material id="null"/>
      <texture id="null"/>
      <transformations>
        <translation x="-0.8" y="1.7" z="-4.3"/>
      </transformations>
      <descendants>
        <noderef id="rail"/>
      </descendants>
    </node>
    <node id="rail6">
      <material id="null"/>
      <texture id="null"/>
      <transformations>
        <translation x="-1.3" y="1.7" z="-4.3"/>
      </transformations>
      <descendants>
        <noderef id="rail"/>
      </descendants>
    </node>
    <node id="railRight1">
      <material id="null"/>
      <texture id="null"/>
      <transformations>
        <translation x="1.5" y="1.7" z="-4"/>
        <rotation axis="y" angle="90"/>
      </transformations>
      <descendants>
        <noderef id="rail"/>
      </descendants>
    </node>
    <node id="railRight2">
      <material id="null"/>
      <texture id="null"/>
      <transformations>
        <translation x="1.5" y="1.7" z="-3.5"/>
        <rotation axis="y" angle="90"/>
      </transformations>
      <descendants>
        <noderef id="rail"/>
      </descendants>
    </node>
    <node id="railLeft1">
      <material id="null"/>
      <texture id="null"/>
      <transformations>
        <translation x="-1.5" y="1.7" z="-4"/>
        <rotation axis="y" angle="90"/>
      </transformations>
      <descendants>
        <noderef id="rail"/>
      </descendants>
    </node>
    <node id="railLeft2">
      <material id="null"/>
      <texture id="null"/>
      <transformations>
        <translation x="-1.5" y="1.7" z="-3.5"/>
        <rotation axis="y" angle="90"/>
      </transformations>
      <descendants>
        <noderef id="rail"/>
      </descendants>
    </node>
    <node id="railRightCorner">
      <material id="shinyWoodMaterial"/>
      <texture id="null"/>
      <transformations>
        <translation x="1.7" y="1.75" z="-4.3"/>
        <scale sx="1" sy="1.2" sz="1"/>
      </transformations>
      <descendants>
        <noderef id="railStand"/>
      </descendants>
    </node>
    <node id="rail">
      <material id="shinyWoodMaterial"/>
      <texture id="plainWoodText"/>
      <descendants>
        <noderef id="railStand"/>
        <noderef id="railTop"/>
      </descendants>
    </node>
    <node id="railStand">
      <material id="null"/>
      <texture id="null"/>
      <transformations>
        <translation x="-0.2" y="0" z="0"/>
        <scale sx="0.1" sy="0.5" sz="0.1"/>
      </transformations>
      <descendants>
        <noderef id="cube"/>
      </descendants>
    </node>
    <node id="railTop">
      <material id="null"/>
      <texture id="null"/>
      <transformations>
        <rotation axis="z" angle="90"/>
        <translation x="0.3" y="0" z="0"/>
        <scale sx="0.1" sy="0.5" sz="0.1"/>
      </transformations>
      <descendants>
        <noderef id="cube"/>
      </descendants>
    </node>
    <!-- WHEEL OBJECT /////////////////-->
    <node id="wheel">
      <material id="shinyWoodMaterial"/>
      <texture id="plainWoodText"/>
      <transformations>
        <translation x="0.0" y="2.0" z="-3.0"/>
        <scale sx="0.3" sy="0.3" sz="0.3"/>
      </transformations>
      <descendants>
        <leaf type="torus" inner="0.1" outer="1.0" slices="10" loops="10"/>
        <noderef id="wheelHandles"/>
      </descendants>
    </node>
    <node id="wheelHandles">
      <material id="null"/>
      <texture id="null"/>
      <transformations>
      </transformations>
      <descendants>
        <noderef id="wheelSupport"/>
        <noderef id="wheelHandle1"/>
        <noderef id="wheelHandle2"/>
        <noderef id="wheelHandle3"/>
        <noderef id="wheelHandle4"/>
      </descendants>
    </node>
    <node id="wheelSupport">
      <material id="null"/>
      <texture id="null"/>
      <transformations>
        <translation x="0.0" y="-0.1" z="0.35"/>
        <scale sx="0.55" sy="3.5" sz="0.55"/>
      </transformations>
      <descendants>
        <noderef id="cube"/>
      </descendants>
    </node>
    <node id="wheelHandle1">
      <material id="null"/>
      <texture id="null"/>
      <transformations>
        <scale sx="0.25" sy="2.5" sz="0.25"/>
      </transformations>
      <descendants>
        <noderef id="cube"/>
      </descendants>
    </node>
    <node id="wheelHandle2">
      <material id="null"/>
      <texture id="null"/>
      <transformations>
        <rotation axis="z" angle="45"/>
      </transformations>
      <descendants>
        <noderef id="wheelHandle1"/>
      </descendants>
    </node>
    <node id="wheelHandle3">
      <material id="null"/>
      <texture id="null"/>
      <transformations>
        <rotation axis="z" angle="45"/>
      </transformations>
      <descendants>
        <noderef id="wheelHandle2"/>
      </descendants>
    </node>
    <node id="wheelHandle4">
      <material id="null"/>
      <texture id="null"/>
      <transformations>
        <rotation axis="z" angle="45"/>
      </transformations>
      <descendants>
        <noderef id="wheelHandle3"/>
      </descendants>
    </node>
    <!-- MAST OBJECT ////////////////////-->
    <node id="mast">
      <material id="shinyWoodMaterial"/>
      <texture id="null"/>
      <transformations>
      </transformations>
      <descendants>
        <noderef id="mastPole"/>
        <noderef id="mastBanner"/>
      </descendants>
    </node>
    <node id="mastBanner">
      <material id="null"/>
      <texture id="plainWoodText"/>
      <transformations>
        <translation x="-1.25" y="4.9" z="0.20"/>
        <scale sx="0.8" sy="0.8" sz="1.0"/>
        <rotation axis="y" angle="90"/>
      </transformations>
      <descendants>
        <leaf type="cylinder" bottomRadius="0.05" topRadius="0.05" height="3.0" slices="100" stacks="400"/>
        <noderef id="mastSail"/>
      </descendants>
    </node>
    <node id="mastPole">
      <material id="null"/>
      <texture id="plainWoodText"/>
      <transformations>
        <rotation axis="x" angle="-90"/>
      </transformations>
      <descendants>
        <leaf type="cylinder" bottomRadius="0.2" topRadius="0.15" height="5.0" slices="100" stacks="400"/>
      </descendants>
    </node>
    <node id="mastSail">
      <material id="flagMaterial"/>
      <texture id="whiteFlag"/>
      <transformations>
        <rotation axis="y" angle="90"/>
        <translation x="-1.5" y="-1.5" z="0.0"/>
        <scale sx="3.0" sy="3.0" sz="1.0"/>
      </transformations>
      <descendants>
        <noderef id="plane"/>
      </descendants>
    </node>
    <node id="mainMast">
      <material id="null"/>
      <texture id="null"/>
      <transformations>
      </transformations>
      <descendants>
        <noderef id="mast"/>
        <noderef id="flag"/>
      </descendants>
    </node>
    <!-- FLAG OBJECT ///////////////////////////-->
    <node id="flag">
      <material id="defaultMaterial"/>
      <texture id="pirateFlag"/>
      <transformations>
        <rotation axis="y" angle="90"/>
        <translation x="0.5" y="5.5" z="0.0"/>
        <scale sx="1.0" sy="0.7" sz="1.0"/>
      </transformations>
      <descendants>
        <noderef id="plane"/>
        <noderef id="flagPole"/>
      </descendants>
    </node>
    <node id="flagPole">
      <material id="null"/>
      <texture id="woodText"/>
      <transformations>
        <translation x="-0.5" y="-1.0" z="0.0"/>
        <scale sx="0.15" sy="0.30" sz="0.15"/>
      </transformations>
      <descendants>
        <noderef id="mastPole"/>
      </descendants>
    </node>
    <node id="frontMast">
      <material id="null"/>
      <texture id="null"/>
      <transformations>
        <translation x="0.0" y="0.0" z="2.0"/>
        <scale sx="0.8" sy="0.7" sz="0.8"/>
      </transformations>
      <descendants>
        <noderef id="mast"/>
      </descendants>
    </node>
    <node id="backMast">
      <material id="null"/>
      <texture id="null"/>
      <transformations>
        <translation x="0.0" y="0.0" z="-2.0"/>
        <scale sx="0.7" sy="0.7" sz="0.7"/>
      </transformations>
      <descendants>
        <noderef id="mast"/>
      </descendants>
    </node>
    <!-- STAIRS ///////////////-->
    <node id="stairs">
      <material id="null"/>
      <texture id="woodText"/>
      <descendants>
        <noderef id="rightStair"/>
        <noderef id="leftStair"/>
      </descendants>
    </node>
    <node id="rightStair">
      <material id="null"/>
      <texture id="null"/>
      <descendants>
        <noderef id="stair"/>
      </descendants>
    </node>
    <node id="leftStair">
      <material id="null"/>
      <texture id="null"/>
      <transformations>
        <translation x="-2.0" y="0.0" z="0.0"/>
      </transformations>
      <descendants>
        <noderef id="stair"/>
      </descendants>
    </node>
    <!-- STAIR OBJECT ///////////////-->
    <node id="stair">
      <material id="null"/>
      <texture id="woodText2"/>
      <descendants>
        <noderef id="step1"/>
        <noderef id="step2"/>
        <noderef id="step3"/>
        <noderef id="step4"/>
        <noderef id="step5"/>
      </descendants>
    </node>
    <node id="step1">
      <material id="null"/>
      <texture id="null"/>
      <transformations>
        <translation x="1.0" y="0.6" z="-2.0"/>
        <scale sx="1.2" sy="0.2" sz="1.0"/>
      </transformations>
      <descendants>
        <noderef id="cube"/>
      </descendants>
    </node>
    <node id="step2">
      <material id="null"/>
      <texture id="null"/>
      <transformations>
        <translation x="1.0" y="0.8" z="-2.1"/>
        <scale sx="1.2" sy="0.2" sz="0.8"/>
      </transformations>
      <descendants>
        <noderef id="cube"/>
      </descendants>
    </node>
    <node id="step3">
      <material id="null"/>
      <texture id="null"/>
      <transformations>
        <translation x="1.0" y="1.0" z="-2.2"/>
        <scale sx="1.2" sy="0.2" sz="0.6"/>
      </transformations>
      <descendants>
        <noderef id="cube"/>
      </descendants>
    </node>
    <node id="step4">
      <material id="null"/>
      <texture id="null"/>
      <transformations>
        <translation x="1.0" y="1.2" z="-2.3"/>
        <scale sx="1.2" sy="0.2" sz="0.4"/>
      </transformations>
      <descendants>
        <noderef id="cube"/>
      </descendants>
    </node>
    <node id="step5">
      <material id="null"/>
      <texture id="null"/>
      <transformations>
        <translation x="1.0" y="1.4" z="-2.4"/>
        <scale sx="1.2" sy="0.2" sz="0.2"/>
      </transformations>
      <descendants>
        <noderef id="cube"/>
      </descendants>
    </node>
    <!-- CANNONS ///////////////-->
    <node id="cannons">
      <material id="metalMaterial"/>
      <texture id="null"/>
      <descendants>
        <noderef id="rightCannon1"/>
        <noderef id="rightCannon2"/>
        <noderef id="leftCannon1"/>
        <noderef id="leftCannon2"/>
      </descendants>
    </node>
    <node id="rightCannon1">
      <!--right front cannon-->
      <material id="null"/>
      <texture id="null"/>
      <transformations>
        <translation x="1.3" y="0.57" z="1.5"/>
        <rotation axis="y" angle="90"/>
      </transformations>
      <descendants>
        <noderef id="cannon"/>
      </descendants>
    </node>
    <node id="rightCannon2">
      <material id="null"/>
      <texture id="null"/>
      <transformations>
        <translation x="1.3" y="0.57" z="0"/>
        <rotation axis="y" angle="90"/>
      </transformations>
      <descendants>
        <noderef id="cannon"/>
      </descendants>
    </node>
    <node id="leftCannon1">
      <material id="null"/>
      <texture id="null"/>
      <transformations>
        <translation x="-1.3" y="0.57" z="1.5"/>
        <rotation axis="y" angle="-90"/>
      </transformations>
      <descendants>
        <noderef id="cannon"/>
      </descendants>
    </node>
    <node id="leftCannon2">
      <material id="null"/>
      <texture id="null"/>
      <transformations>
        <translation x="-1.3" y="0.57" z="0"/>
        <rotation axis="y" angle="-90"/>
      </transformations>
      <descendants>
        <noderef id="cannon"/>
      </descendants>
    </node>
    <!-- CANNON OBJECT ///////////////-->
    <node id="cannon">
      <material id="shinyWoodMaterial"/>
      <texture id="castIron"/>
      <transformations>
        <scale sx="1.4" sy="1.4" sz="1.4"/>
      </transformations>
      <descendants>
        <noderef id="base"/>
        <noderef id="gun"/>
      </descendants>
    </node>
    <node id="base">
      <material id="null"/>
      <texture id="plainWoodText2"/>
      <descendants>
        <noderef id="baseDown"/>
        <noderef id="baseLeft"/>
        <noderef id="baseRight"/>
      </descendants>
    </node>
    <node id="baseDown">
      <material id="null"/>
      <texture id="null"/>
      <transformations>
        <scale sx="0.3" sy="0.1" sz="0.6"/>
      </transformations>
      <descendants>
        <noderef id="cube"/>
      </descendants>
    </node>
    <node id="baseLeft">
      <material id="null"/>
      <texture id="null"/>
      <transformations>
        <translation x="-0.125" y="0.1" z="0"/>
        <scale sx="0.05" sy="0.1" sz="0.6"/>
      </transformations>
      <descendants>
        <noderef id="cube"/>
      </descendants>
    </node>
    <node id="baseRight">
      <material id="null"/>
      <texture id="null"/>
      <transformations>
        <translation x="0.125" y="0.1" z="0"/>
        <scale sx="0.05" sy="0.1" sz="0.6"/>
      </transformations>
      <descendants>
        <noderef id="cube"/>
      </descendants>
    </node>
    <node id="gun">
      <material id="metalMaterial"/>
      <texture id="null"/>
      <descendants>
        <noderef id="tube"/>
        <noderef id="back"/>
      </descendants>
    </node>
    <node id="tube">
      <material id="null"/>
      <texture id="null"/>
      <transformations>
        <translation x="0" y="0.14" z="-0.3"/>
      </transformations>
      <descendants>
        <leaf type="cylinder" bottomRadius="0.1" topRadius="0.08" height="0.9" slices="20" stacks="40"/>
      </descendants>
    </node>
    <node id="back">
      <material id="null"/>
      <texture id="null"/>
      <transformations>
        <translation x="0" y="0.14" z="-0.3"/>
      </transformations>
      <descendants>
        <leaf type="sphere" radius="0.1" slices="20" stacks="40"/>
      </descendants>
    </node>
    <!-- AMMORACKS //////////////////-->
    <node id="ammoRacks">
      <material id="null"/>
      <texture id="null"/>
      <descendants>
        <noderef id="rightAmmoRack1"/>
        <noderef id="rightAmmoRack2"/>
        <noderef id="leftAmmoRack1"/>
        <noderef id="leftAmmoRack2"/>
      </descendants>
    </node>
    <node id="rightAmmoRack1">
      <material id="null"/>
      <texture id="null"/>
      <descendants>
        <noderef id="ammoRack"/>
      </descendants>
    </node>
    <node id="rightAmmoRack2">
      <material id="null"/>
      <texture id="null"/>
      <transformations>
        <translation x="0" y="0" z="-1.5"/>
      </transformations>
      <descendants>
        <noderef id="ammoRack"/>
      </descendants>
    </node>
    <node id="leftAmmoRack1">
      <material id="null"/>
      <texture id="null"/>
      <transformations>
        <translation x="-2.1" y="0" z="0"/>
      </transformations>
      <descendants>
        <noderef id="ammoRack"/>
      </descendants>
    </node>
    <node id="leftAmmoRack2">
      <material id="null"/>
      <texture id="null"/>
      <transformations>
        <translation x="-2.1" y="0" z="-1.5"/>
      </transformations>
      <descendants>
        <noderef id="ammoRack"/>
      </descendants>
    </node>
    <!-- AMMORACK PARTS ///////////////-->
    <node id="ammoRack">
      <material id="null"/>
      <texture id="null"/>
      <transformations>
      </transformations>
      <descendants>
        <noderef id="cannonBall1"/>
        <noderef id="cannonBall2"/>
        <noderef id="cannonBall3"/>
        <noderef id="cannonBall4"/>
        <noderef id="cannonBall5"/>
      </descendants>
    </node>
    <node id="cannonBall">
      <material id="metalMaterial"/>
      <texture id="castIron"/>
      <descendants>
        <leaf type="sphere" radius="0.08" slices="20" stacks="40"/>
      </descendants>
    </node>
    <node id="cannonBall1">
      <material id="null"/>
      <texture id="null"/>
      <transformations>
        <translation x="1" y="0.57" z="1.1"/>
      </transformations>
      <descendants>
        <noderef id="cannonBall"/>
      </descendants>
    </node>
    <node id="cannonBall2">
      <material id="null"/>
      <texture id="null"/>
      <transformations>
        <translation x="1" y="0.57" z="0.94"/>
      </transformations>
      <descendants>
        <noderef id="cannonBall"/>
      </descendants>
    </node>
    <node id="cannonBall3">
      <material id="null"/>
      <texture id="null"/>
      <transformations>
        <translation x="1.16" y="0.57" z="1.1"/>
      </transformations>
      <descendants>
        <noderef id="cannonBall"/>
      </descendants>
    </node>
    <node id="cannonBall4">
      <material id="null"/>
      <texture id="null"/>
      <transformations>
        <translation x="1.16" y="0.57" z="0.94"/>
      </transformations>
      <descendants>
        <noderef id="cannonBall"/>
      </descendants>
    </node>
    <node id="cannonBall5">
      <material id="null"/>
      <texture id="null"/>
      <transformations>
        <translation x="1.08" y="0.70" z="1.02"/>
      </transformations>
      <descendants>
        <noderef id="cannonBall"/>
      </descendants>
    </node>
    <!-- SKYBOX /////////////////-->
    <node id="bottom">
      <material id="seaMaterial"/>
      <texture id="bottomSkyBox">
        <amplification afs="0.5" aft="0.5"/>
      </texture>
      <transformations>
        <rotation axis="x" angle="-90"/>
        <scale sx="25" sy="25" sz="25"/>
        <rotation axis="z" angle="90"/>
      </transformations>
      <descendants>
        <leaf type="rectangle" x1="-0.5" y1="-0.5" x2="0.5" y2="0.5"/>
      </descendants>
    </node>
    <node id="left">
      <material id="null"/>
      <texture id="leftSkyBox">
    </texture>
      <transformations>
        <translation x="0" y="12.5" z="12.5"/>
        <rotation axis="y" angle="180"/>
        <scale sx="25" sy="25" sz="25"/>
      </transformations>
      <descendants>
        <leaf type="rectangle" x1="-0.5" y1="-0.5" x2="0.5" y2="0.5"/>
      </descendants>
    </node>
    <node id="center">
      <material id="null"/>
      <texture id="centerSkyBox">
    </texture>
      <transformations>
        <translation x="-12.5" y="12.5" z="0"/>
        <rotation axis="y" angle="90"/>
        <scale sx="25" sy="25" sz="25"/>
      </transformations>
      <descendants>
        <leaf type="rectangle" x1="-0.5" y1="-0.5" x2="0.5" y2="0.5"/>
      </descendants>
    </node>
    <node id="right">
      <material id="null"/>
      <texture id="rightSkyBox">
    </texture>
      <transformations>
        <translation x="0" y="12.5" z="-12.5"/>
        <scale sx="25" sy="25" sz="25"/>
      </transformations>
      <descendants>
        <leaf type="rectangle" x1="-0.5" y1="-0.5" x2="0.5" y2="0.5"/>
      </descendants>
    </node>
    <node id="top">
      <material id="null"/>
      <texture id="topSkyBox">
    </texture>
      <transformations>
        <translation x="0" y="25" z="0"/>
        <rotation axis="x" angle="90"/>
        <rotation axis="z" angle="-90"/>
        <scale sx="25" sy="25" sz="25"/>
      </transformations>
      <descendants>
        <leaf type="rectangle" x1="-0.5" y1="-0.5" x2="0.5" y2="0.5"/>
      </descendants>
    </node>
    <node id="front">
      <material id="null"/>
      <texture id="frontSkyBox">
    </texture>
      <transformations>
        <translation x="12.5" y="12.5" z="0"/>
        <rotation axis="y" angle="-90"/>
        <scale sx="25" sy="25" sz="25"/>
      </transformations>
      <descendants>
        <leaf type="rectangle" x1="-0.5" y1="-0.5" x2="0.5" y2="0.5"/>
      </descendants>
    </node>
    <!-- BOARD ////////////////-->
    <node id="board">
      <material id="null"/>
      <texture id="woodText2"/>
      <transformations>
        <translation x="2" y="0.55" z="2.2"/>
        <scale sx="1" sy="0.1" sz="0.4"/>
      </transformations>
      <descendants>
        <noderef id="cube"/>
      </descendants>
    </node>
  </nodes>
</lsf>
